90001,Los Angeles,16
90002,Los Angeles,16
90003,Los Angeles,16
90004,Los Angeles,16
90005,Los Angeles,16
90006,Los Angeles,16
90007,Los Angeles,16
90008,Los Angeles,16
90009,Los Angeles,16
90010,Los Angeles,16
90011,Los Angeles,16
90012,Los Angeles,16
90013,Los Angeles,16
90014,Los Angeles,16
90015,Los Angeles,16
90016,Los Angeles,16
90017,Los Angeles,16
90018,Los Angeles,16
90019,Los Angeles,16
90020,Los Angeles,16
90021,Los Angeles,16
90022,Los Angeles,16
90023,Los Angeles,16
90024,Los Angeles,16
90025,Los Angeles,16
90026,Los Angeles,16
90027,Los Angeles,16
90028,Los Angeles,16
90029,Los Angeles,16
90030,Los Angeles,16
90031,Los Angeles,16
90032,Los Angeles,16
90033,Los Angeles,16
90034,Los Angeles,16
90035,Los Angeles,16
90036,Los Angeles,16
90037,Los Angeles,16
90038,Los Angeles,16
90039,Los Angeles,16
90040,Los Angeles,16
90041,Los Angeles,16
90042,Los Angeles,16
90043,Los Angeles,16
90044,Los Angeles,16
90045,Los Angeles,16
90046,Los Angeles,16
90047,Los Angeles,16
90048,Los Angeles,16
90049,Los Angeles,16
90050,Los Angeles,16
90051,Los Angeles,16
90052,Los Angeles,16
90053,Los Angeles,16
90054,Los Angeles,16
90055,Los Angeles,16
90056,Los Angeles,16
90057,Los Angeles,16
90058,Los Angeles,16
90059,Los Angeles,16
90060,Los Angeles,16
90061,Los Angeles,16
90062,Los Angeles,16
90063,Los Angeles,16
90064,Los Angeles,16
90065,Los Angeles,16
90066,Los Angeles,16
90067,Los Angeles,16
90068,Los Angeles,16
90069,Los Angeles,16
90070,Los Angeles,16
90071,Los Angeles,16
90072,Los Angeles,16
90073,Los Angeles,16
90074,Los Angeles,16
90075,Los Angeles,16
90076,Los Angeles,16
90077,Los Angeles,16
90078,Los Angeles,16
90079,Los Angeles,16
90080,Los Angeles,16
90081,Los Angeles,16
90082,Los Angeles,16
90083,Los Angeles,16
90084,Los Angeles,16
90086,Los Angeles,16
90087,Los Angeles,16
90088,Los Angeles,16
90089,Los Angeles,16
90090,Los Angeles,16
90091,Los Angeles,16
90093,Los Angeles,16
90094,Los Angeles,16
90095,Los Angeles,16
90096,Los Angeles,16
90099,Los Angeles,16
90189,Los Angeles,16
90201,Los Angeles,16
90202,Los Angeles,16
90209,Los Angeles,16
90210,Los Angeles,16
90211,Los Angeles,16
90212,Los Angeles,16
90213,Los Angeles,16
90220,Los Angeles,16
90221,Los Angeles,16
90222,Los Angeles,16
90223,Los Angeles,16
90224,Los Angeles,16
90230,Los Angeles,16
90231,Los Angeles,16
90232,Los Angeles,16
90233,Los Angeles,16
90239,Los Angeles,16
90240,Los Angeles,16
90241,Los Angeles,16
90242,Los Angeles,16
90245,Los Angeles,16
90247,Los Angeles,16
90248,Los Angeles,16
90249,Los Angeles,16
90250,Los Angeles,16
90251,Los Angeles,16
90254,Los Angeles,16
90255,Los Angeles,16
90260,Los Angeles,16
90261,Los Angeles,16
90262,Los Angeles,16
90263,Los Angeles,16
90264,Los Angeles,16
90265,Los Angeles,16
90265,Ventura,16
90266,Los Angeles,16
90267,Los Angeles,16
90270,Los Angeles,16
90272,Los Angeles,16
90274,Los Angeles,16
90275,Los Angeles,16
90277,Los Angeles,16
90278,Los Angeles,16
90280,Los Angeles,16
90290,Los Angeles,16
90291,Los Angeles,16
90292,Los Angeles,16
90293,Los Angeles,16
90294,Los Angeles,16
90295,Los Angeles,16
90296,Los Angeles,16
90301,Los Angeles,16
90302,Los Angeles,16
90303,Los Angeles,16
90304,Los Angeles,16
90305,Los Angeles,16
90306,Los Angeles,16
90307,Los Angeles,16
90308,Los Angeles,16
90309,Los Angeles,16
90310,Los Angeles,16
90311,Los Angeles,16
90312,Los Angeles,16
90401,Los Angeles,16
90402,Los Angeles,16
90403,Los Angeles,16
90404,Los Angeles,16
90405,Los Angeles,16
90406,Los Angeles,16
90407,Los Angeles,16
90408,Los Angeles,16
90409,Los Angeles,16
90410,Los Angeles,16
90411,Los Angeles,16
90501,Los Angeles,16
90502,Los Angeles,16
90503,Los Angeles,16
90504,Los Angeles,16
90505,Los Angeles,16
90506,Los Angeles,16
90507,Los Angeles,16
90508,Los Angeles,16
90509,Los Angeles,16
90510,Los Angeles,16
90601,Los Angeles,15
90602,Los Angeles,15
90603,Los Angeles,15
90604,Los Angeles,15
90605,Los Angeles,15
90606,Los Angeles,15
90607,Los Angeles,15
90608,Los Angeles,15
90609,Los Angeles,15
90610,Los Angeles,15
90620,Orange,18
90621,Orange,18
90622,Orange,18
90623,Los Angeles,15
90623,Orange,18
90624,Orange,18
90630,Los Angeles,15
90630,Orange,18
90631,Los Angeles,15
90631,Orange,18
90632,Orange,18
90633,Orange,18
90637,Los Angeles,15
90638,Los Angeles,15
90638,Orange,18
90639,Los Angeles,15
90640,Los Angeles,15
90650,Los Angeles,15
90651,Los Angeles,15
90652,Los Angeles,15
90660,Los Angeles,15
90661,Los Angeles,15
90662,Los Angeles,15
90670,Los Angeles,15
90671,Los Angeles,15
90680,Orange,18
90701,Los Angeles,15
90702,Los Angeles,15
90703,Los Angeles,15
90704,Los Angeles,15
90706,Los Angeles,15
90707,Los Angeles,15
90710,Los Angeles,15
90711,Los Angeles,15
90712,Los Angeles,15
90713,Los Angeles,15
90714,Los Angeles,15
90715,Los Angeles,15
90716,Los Angeles,15
90717,Los Angeles,15
90720,Orange,18
90721,Orange,18
90723,Los Angeles,15
90731,Los Angeles,15
90732,Los Angeles,15
90733,Los Angeles,15
90734,Los Angeles,15
90740,Orange,18
90742,Orange,18
90743,Orange,18
90744,Los Angeles,15
90745,Los Angeles,15
90746,Los Angeles,15
90747,Los Angeles,15
90748,Los Angeles,15
90749,Los Angeles,15
90755,Los Angeles,15
90801,Los Angeles,15
90802,Los Angeles,15
90803,Los Angeles,15
90804,Los Angeles,15
90805,Los Angeles,15
90806,Los Angeles,15
90807,Los Angeles,15
90808,Los Angeles,15
90809,Los Angeles,15
90810,Los Angeles,15
90813,Los Angeles,15
90814,Los Angeles,15
90815,Los Angeles,15
90822,Los Angeles,15
90831,Los Angeles,15
90832,Los Angeles,15
90833,Los Angeles,15
90834,Los Angeles,15
90835,Los Angeles,15
90840,Los Angeles,15
90842,Los Angeles,15
90844,Los Angeles,15
90846,Los Angeles,15
90847,Los Angeles,15
90848,Los Angeles,15
90853,Los Angeles,15
90895,Los Angeles,15
90899,Los Angeles,15
91001,Los Angeles,15
91003,Los Angeles,15
91006,Los Angeles,15
91007,Los Angeles,15
91008,Los Angeles,15
91009,Los Angeles,15
91010,Los Angeles,15
91011,Los Angeles,15
91012,Los Angeles,15
91016,Los Angeles,15
91017,Los Angeles,15
91020,Los Angeles,15
91021,Los Angeles,15
91023,Los Angeles,15
91024,Los Angeles,15
91025,Los Angeles,15
91030,Los Angeles,15
91031,Los Angeles,15
91040,Los Angeles,15
91041,Los Angeles,15
91042,Los Angeles,15
91043,Los Angeles,15
91046,Los Angeles,15
91066,Los Angeles,15
91077,Los Angeles,15
91101,Los Angeles,15
91102,Los Angeles,15
91103,Los Angeles,15
91104,Los Angeles,15
91105,Los Angeles,15
91106,Los Angeles,15
91107,Los Angeles,15
91108,Los Angeles,15
91109,Los Angeles,15
91110,Los Angeles,15
91114,Los Angeles,15
91115,Los Angeles,15
91116,Los Angeles,15
91117,Los Angeles,15
91118,Los Angeles,15
91121,Los Angeles,15
91123,Los Angeles,15
91124,Los Angeles,15
91125,Los Angeles,15
91126,Los Angeles,15
91129,Los Angeles,15
91182,Los Angeles,15
91184,Los Angeles,15
91185,Los Angeles,15
91188,Los Angeles,15
91189,Los Angeles,15
91199,Los Angeles,15
91201,Los Angeles,15
91202,Los Angeles,15
91203,Los Angeles,15
91204,Los Angeles,15
91205,Los Angeles,15
91206,Los Angeles,15
91207,Los Angeles,15
91208,Los Angeles,15
91209,Los Angeles,15
91210,Los Angeles,15
91214,Los Angeles,15
91221,Los Angeles,15
91222,Los Angeles,15
91224,Los Angeles,15
91225,Los Angeles,15
91226,Los Angeles,15
91301,Los Angeles,16
91302,Los Angeles,16
91303,Los Angeles,16
91304,Los Angeles,16
91304,Ventura,16
91305,Los Angeles,16
91306,Los Angeles,16
91307,Los Angeles,16
91307,Ventura,16
91308,Los Angeles,16
91309,Los Angeles,16
91310,Los Angeles,16
91311,Los Angeles,16
91311,Ventura,16
91313,Los Angeles,16
91316,Los Angeles,16
91319,Ventura,16
91320,Ventura,16
91321,Los Angeles,16
91322,Los Angeles,16
91324,Los Angeles,16
91325,Los Angeles,16
91326,Los Angeles,16
91327,Los Angeles,16
91328,Los Angeles,16
91329,Los Angeles,16
91330,Los Angeles,16
91331,Los Angeles,16
91333,Los Angeles,16
91334,Los Angeles,16
91335,Los Angeles,16
91337,Los Angeles,16
91340,Los Angeles,16
91341,Los Angeles,16
91342,Los Angeles,16
91343,Los Angeles,16
91344,Los Angeles,16
91345,Los Angeles,16
91346,Los Angeles,16
91350,Los Angeles,16
91351,Los Angeles,16
91352,Los Angeles,16
91353,Los Angeles,16
91354,Los Angeles,16
91355,Los Angeles,16
91356,Los Angeles,16
91357,Los Angeles,16
91358,Ventura,16
91359,Ventura,16
91360,Ventura,16
91361,Los Angeles,16
91361,Ventura,16
91362,Los Angeles,16
91362,Ventura,16
91364,Los Angeles,16
91365,Los Angeles,16
91367,Los Angeles,16
91371,Los Angeles,16
91372,Los Angeles,16
91376,Los Angeles,16
91377,Ventura,16
91380,Los Angeles,16
91381,Los Angeles,16
91382,Los Angeles,16
91383,Los Angeles,16
91384,Los Angeles,16
91385,Los Angeles,16
91386,Los Angeles,16
91387,Los Angeles,16
91390,Los Angeles,16
91392,Los Angeles,16
91393,Los Angeles,16
91394,Los Angeles,16
91395,Los Angeles,16
91396,Los Angeles,16
91401,Los Angeles,16
91402,Los Angeles,16
91403,Los Angeles,16
91404,Los Angeles,16
91405,Los Angeles,16
91406,Los Angeles,16
91407,Los Angeles,16
91408,Los Angeles,16
91409,Los Angeles,16
91410,Los Angeles,16
91411,Los Angeles,16
91412,Los Angeles,16
91413,Los Angeles,16
91416,Los Angeles,16
91423,Los Angeles,16
91426,Los Angeles,16
91436,Los Angeles,16
91470,Los Angeles,16
91482,Los Angeles,16
91495,Los Angeles,16
91496,Los Angeles,16
91499,Los Angeles,16
91501,Los Angeles,15
91502,Los Angeles,15
91503,Los Angeles,15
91504,Los Angeles,15
91505,Los Angeles,15
91506,Los Angeles,15
91507,Los Angeles,15
91508,Los Angeles,15
91510,Los Angeles,15
91521,Los Angeles,15
91522,Los Angeles,15
91523,Los Angeles,15
91526,Los Angeles,15
91601,Los Angeles,16
91602,Los Angeles,16
91603,Los Angeles,16
91604,Los Angeles,16
91605,Los Angeles,16
91606,Los Angeles,16
91607,Los Angeles,16
91608,Los Angeles,16
91609,Los Angeles,16
91610,Los Angeles,16
91611,Los Angeles,16
91612,Los Angeles,16
91614,Los Angeles,16
91615,Los Angeles,16
91616,Los Angeles,16
91617,Los Angeles,16
91618,Los Angeles,16
91701,San Bernardino,17
91702,Los Angeles,15
91706,Los Angeles,15
91708,San Bernardino,17
91709,San Bernardino,17
91710,San Bernardino,17
91711,Los Angeles,15
91714,Los Angeles,15
91715,Los Angeles,15
91716,Los Angeles,15
91722,Los Angeles,15
91723,Los Angeles,15
91724,Los Angeles,15
91729,San Bernardino,17
91730,San Bernardino,17
91731,Los Angeles,15
91732,Los Angeles,15
91733,Los Angeles,15
91734,Los Angeles,15
91735,Los Angeles,15
91737,San Bernardino,17
91739,San Bernardino,17
91740,Los Angeles,15
91741,Los Angeles,15
91743,San Bernardino,17
91744,Los Angeles,15
91745,Los Angeles,15
91746,Los Angeles,15
91747,Los Angeles,15
91748,Los Angeles,15
91749,Los Angeles,15
91750,Los Angeles,15
91752,Riverside,17
91754,Los Angeles,15
91755,Los Angeles,15
91756,Los Angeles,15
91758,San Bernardino,17
91759,Los Angeles,15
91759,San Bernardino,17
91761,San Bernardino,17
91762,San Bernardino,17
91763,San Bernardino,17
91764,San Bernardino,17
91765,Los Angeles,15
91766,Los Angeles,15
91766,San Bernardino,17
91767,Los Angeles,15
91768,Los Angeles,15
91769,Los Angeles,15
91770,Los Angeles,15
91771,Los Angeles,15
91772,Los Angeles,15
91773,Los Angeles,15
91775,Los Angeles,15
91776,Los Angeles,15
91778,Los Angeles,15
91780,Los Angeles,15
91784,San Bernardino,17
91785,San Bernardino,17
91786,San Bernardino,17
91788,Los Angeles,15
91789,Los Angeles,15
91790,Los Angeles,15
91791,Los Angeles,15
91792,Los Angeles,15
91793,Los Angeles,15
91801,Los Angeles,15
91802,Los Angeles,15
91803,Los Angeles,15
91804,Los Angeles,15
91896,Los Angeles,15
91899,Los Angeles,15
91901,San Diego,19
91902,San Diego,19
91903,San Diego,19
91905,San Diego,19
91906,San Diego,19
91908,San Diego,19
91909,San Diego,19
91910,San Diego,19
91911,San Diego,19
91912,San Diego,19
91913,San Diego,19
91914,San Diego,19
91915,San Diego,19
91916,San Diego,19
91917,San Diego,19
91921,San Diego,19
91931,San Diego,19
91932,San Diego,19
91933,San Diego,19
91934,San Diego,19
91935,San Diego,19
91941,San Diego,19
91942,San Diego,19
91943,San Diego,19
91944,San Diego,19
91945,San Diego,19
91946,San Diego,19
91948,San Diego,19
91950,San Diego,19
91951,San Diego,19
91962,San Diego,19
91963,San Diego,19
91976,San Diego,19
91977,San Diego,19
91978,San Diego,19
91979,San Diego,19
91980,San Diego,19
91987,San Diego,19
92003,San Diego,19
92004,Imperial,13
92004,San Diego,19
92007,San Diego,19
92008,San Diego,19
92009,San Diego,19
92010,San Diego,19
92011,San Diego,19
92013,San Diego,19
92014,San Diego,19
92018,San Diego,19
92019,San Diego,19
92020,San Diego,19
92021,San Diego,19
92022,San Diego,19
92023,San Diego,19
92024,San Diego,19
92025,San Diego,19
92026,San Diego,19
92027,San Diego,19
92028,Riverside,17
92028,San Diego,19
92029,San Diego,19
92030,San Diego,19
92033,San Diego,19
92036,San Diego,19
92037,San Diego,19
92038,San Diego,19
92039,San Diego,19
92040,San Diego,19
92046,San Diego,19
92049,San Diego,19
92051,San Diego,19
92052,San Diego,19
92054,San Diego,19
92055,San Diego,19
92056,San Diego,19
92057,San Diego,19
92058,San Diego,19
92059,San Diego,19
92060,San Diego,19
92061,San Diego,19
92064,San Diego,19
92065,San Diego,19
92066,San Diego,19
92067,San Diego,19
92068,San Diego,19
92069,San Diego,19
92070,San Diego,19
92071,San Diego,19
92072,San Diego,19
92074,San Diego,19
92075,San Diego,19
92078,San Diego,19
92079,San Diego,19
92081,San Diego,19
92082,San Diego,19
92083,San Diego,19
92084,San Diego,19
92085,San Diego,19
92086,San Diego,19
92088,San Diego,19
92091,San Diego,19
92092,San Diego,19
92093,San Diego,19
92096,San Diego,19
92101,San Diego,19
92102,San Diego,19
92103,San Diego,19
92104,San Diego,19
92105,San Diego,19
92106,San Diego,19
92107,San Diego,19
92108,San Diego,19
92109,San Diego,19
92110,San Diego,19
92111,San Diego,19
92112,San Diego,19
92113,San Diego,19
92114,San Diego,19
92115,San Diego,19
92116,San Diego,19
92117,San Diego,19
92118,San Diego,19
92119,San Diego,19
92120,San Diego,19
92121,San Diego,19
92122,San Diego,19
92123,San Diego,19
92124,San Diego,19
92126,San Diego,19
92127,San Diego,19
92128,San Diego,19
92129,San Diego,19
92130,San Diego,19
92131,San Diego,19
92132,San Diego,19
92134,San Diego,19
92135,San Diego,19
92136,San Diego,19
92137,San Diego,19
92138,San Diego,19
92139,San Diego,19
92140,San Diego,19
92142,San Diego,19
92143,San Diego,19
92145,San Diego,19
92147,San Diego,19
92149,San Diego,19
92150,San Diego,19
92152,San Diego,19
92153,San Diego,19
92154,San Diego,19
92155,San Diego,19
92158,San Diego,19
92159,San Diego,19
92160,San Diego,19
92161,San Diego,19
92163,San Diego,19
92165,San Diego,19
92166,San Diego,19
92167,San Diego,19
92168,San Diego,19
92169,San Diego,19
92170,San Diego,19
92171,San Diego,19
92172,San Diego,19
92173,San Diego,19
92174,San Diego,19
92175,San Diego,19
92176,San Diego,19
92177,San Diego,19
92178,San Diego,19
92179,San Diego,19
92182,San Diego,19
92186,San Diego,19
92187,San Diego,19
92191,San Diego,19
92192,San Diego,19
92193,San Diego,19
92195,San Diego,19
92196,San Diego,19
92197,San Diego,19
92198,San Diego,19
92199,San Diego,19
92201,Riverside,17
92202,Riverside,17
92203,Riverside,17
92210,Riverside,17
92211,Riverside,17
92220,Riverside,17
92222,Imperial,13
92223,Riverside,17
92225,Imperial,13
92225,Riverside,17
92226,Riverside,17
92227,Imperial,13
92230,Riverside,17
92231,Imperial,13
92232,Imperial,13
92233,Imperial,13
92234,Riverside,17
92235,Riverside,17
92236,Riverside,17
92239,Riverside,17
92240,Riverside,17
92241,Riverside,17
92242,San Bernardino,17
92243,Imperial,13
92244,Imperial,13
92247,Riverside,17
92248,Riverside,17
92249,Imperial,13
92250,Imperial,13
92251,Imperial,13
92252,San Bernardino,17
92253,Riverside,17
92254,Riverside,17
92255,Riverside,17
92256,San Bernardino,17
92257,Imperial,13
92258,Riverside,17
92259,Imperial,13
92260,Riverside,17
92261,Riverside,17
92262,Riverside,17
92263,Riverside,17
92264,Riverside,17
92266,Imperial,13
92267,San Bernardino,17
92268,San Bernardino,17
92270,Riverside,17
92273,Imperial,13
92274,Imperial,13
92274,Riverside,17
92275,Imperial,13
92276,Riverside,17
92277,San Bernardino,17
92278,San Bernardino,17
92280,San Bernardino,17
92281,Imperial,13
92282,Riverside,17
92283,Imperial,13
92284,San Bernardino,17
92285,San Bernardino,17
92286,San Bernardino,17
92301,San Bernardino,17
92304,San Bernardino,17
92305,San Bernardino,17
92307,San Bernardino,17
92308,San Bernardino,17
92309,San Bernardino,17
92310,San Bernardino,17
92311,San Bernardino,17
92312,San Bernardino,17
92313,San Bernardino,17
92314,San Bernardino,17
92315,San Bernardino,17
92316,San Bernardino,17
92317,San Bernardino,17
92318,San Bernardino,17
92320,Riverside,17
92321,San Bernardino,17
92322,San Bernardino,17
92323,San Bernardino,17
92324,Riverside,17
92324,San Bernardino,17
92325,San Bernardino,17
92327,San Bernardino,17
92328,Inyo,16
92329,San Bernardino,17
92331,San Bernardino,17
92332,San Bernardino,17
92333,San Bernardino,17
92334,San Bernardino,17
92335,San Bernardino,17
92336,San Bernardino,17
92337,San Bernardino,17
92338,San Bernardino,17
92339,San Bernardino,17
92340,San Bernardino,17
92341,San Bernardino,17
92342,San Bernardino,17
92344,San Bernardino,17
92345,San Bernardino,17
92346,San Bernardino,17
92347,San Bernardino,17
92350,San Bernardino,17
92352,San Bernardino,17
92354,San Bernardino,17
92356,San Bernardino,17
92357,San Bernardino,17
92358,San Bernardino,17
92359,San Bernardino,17
92363,San Bernardino,17
92364,San Bernardino,17
92365,San Bernardino,17
92366,San Bernardino,17
92368,San Bernardino,17
92369,San Bernardino,17
92371,San Bernardino,17
92372,San Bernardino,17
92373,Riverside,17
92373,San Bernardino,17
92374,San Bernardino,17
92375,San Bernardino,17
92376,San Bernardino,17
92377,San Bernardino,17
92378,San Bernardino,17
92382,San Bernardino,17
92384,Inyo,16
92385,San Bernardino,17
92386,San Bernardino,17
92389,Inyo,16
92391,San Bernardino,17
92392,San Bernardino,17
92393,San Bernardino,17
92394,San Bernardino,17
92395,San Bernardino,17
92397,San Bernardino,17
92398,San Bernardino,17
92399,Riverside,17
92399,San Bernardino,17
92401,San Bernardino,17
92402,San Bernardino,17
92403,San Bernardino,17
92404,San Bernardino,17
92405,San Bernardino,17
92406,San Bernardino,17
92407,San Bernardino,17
92408,San Bernardino,17
92410,San Bernardino,17
92411,San Bernardino,17
92413,San Bernardino,17
92415,San Bernardino,17
92418,San Bernardino,17
92423,San Bernardino,17
92427,San Bernardino,17
92501,Riverside,17
92502,Riverside,17
92503,Riverside,17
92504,Riverside,17
92505,Riverside,17
92506,Riverside,17
92507,Riverside,17
92508,Riverside,17
92509,Riverside,17
92513,Riverside,17
92514,Riverside,17
92516,Riverside,17
92517,Riverside,17
92518,Riverside,17
92519,Riverside,17
92521,Riverside,17
92522,Riverside,17
92530,Riverside,17
92531,Riverside,17
92532,Riverside,17
92536,Riverside,17
92539,Riverside,17
92543,Riverside,17
92544,Riverside,17
92545,Riverside,17
92546,Riverside,17
92548,Riverside,17
92549,Riverside,17
92551,Riverside,17
92552,Riverside,17
92553,Riverside,17
92554,Riverside,17
92555,Riverside,17
92556,Riverside,17
92557,Riverside,17
92561,Riverside,17
92562,Riverside,17
92563,Riverside,17
92564,Riverside,17
92567,Riverside,17
92570,Riverside,17
92571,Riverside,17
92572,Riverside,17
92581,Riverside,17
92582,Riverside,17
92583,Riverside,17
92584,Riverside,17
92585,Riverside,17
92586,Riverside,17
92587,Riverside,17
92589,Riverside,17
92590,Riverside,17
92591,Riverside,17
92592,Riverside,17
92593,Riverside,17
92595,Riverside,17
92596,Riverside,17
92599,Riverside,17
92602,Orange,18
92603,Orange,18
92604,Orange,18
92605,Orange,18
92606,Orange,18
92607,Orange,18
92609,Orange,18
92610,Orange,18
92612,Orange,18
92614,Orange,18
92615,Orange,18
92616,Orange,18
92617,Orange,18
92618,Orange,18
92619,Orange,18
92620,Orange,18
92623,Orange,18
92624,Orange,18
92625,Orange,18
92626,Orange,18
92627,Orange,18
92628,Orange,18
92629,Orange,18
92630,Orange,18
92637,Orange,18
92646,Orange,18
92647,Orange,18
92648,Orange,18
92649,Orange,18
92650,Orange,18
92651,Orange,18
92652,Orange,18
92653,Orange,18
92654,Orange,18
92655,Orange,18
92656,Orange,18
92657,Orange,18
92658,Orange,18
92659,Orange,18
92660,Orange,18
92661,Orange,18
92662,Orange,18
92663,Orange,18
92672,Orange,18
92673,Orange,18
92674,Orange,18
92675,Orange,18
92676,Orange,18
92677,Orange,18
92678,Orange,18
92679,Orange,18
92683,Orange,18
92684,Orange,18
92685,Orange,18
92688,Orange,18
92690,Orange,18
92691,Orange,18
92692,Orange,18
92693,Orange,18
92694,Orange,18
92697,Orange,18
92698,Orange,18
92701,Orange,18
92702,Orange,18
92703,Orange,18
92704,Orange,18
92705,Orange,18
92706,Orange,18
92707,Orange,18
92708,Orange,18
92711,Orange,18
92712,Orange,18
92728,Orange,18
92735,Orange,18
92780,Orange,18
92781,Orange,18
92782,Orange,18
92799,Orange,18
92801,Orange,18
92802,Orange,18
92803,Orange,18
92804,Orange,18
92805,Orange,18
92806,Orange,18
92807,Orange,18
92808,Orange,18
92809,Orange,18
92811,Orange,18
92812,Orange,18
92814,Orange,18
92815,Orange,18
92816,Orange,18
92817,Orange,18
92821,Orange,18
92822,Orange,18
92823,Orange,18
92825,Orange,18
92831,Orange,18
92832,Orange,18
92833,Orange,18
92834,Orange,18
92835,Orange,18
92836,Orange,18
92837,Orange,18
92838,Orange,18
92840,Orange,18
92841,Orange,18
92842,Orange,18
92843,Orange,18
92844,Orange,18
92845,Orange,18
92846,Orange,18
92850,Orange,18
92856,Orange,18
92857,Orange,18
92859,Orange,18
92860,Riverside,17
92861,Orange,18
92862,Orange,18
92863,Orange,18
92864,Orange,18
92865,Orange,18
92866,Orange,18
92867,Orange,18
92868,Orange,18
92869,Orange,18
92870,Orange,18
92871,Orange,18
92877,Riverside,17
92878,Riverside,17
92879,Riverside,17
92880,Riverside,17
92880,San Bernardino,17
92881,Riverside,17
92882,Riverside,17
92883,Riverside,17
92885,Orange,18
92886,Orange,18
92887,Orange,18
92899,Orange,18
93001,Ventura,12
93002,Ventura,12
93003,Ventura,12
93004,Ventura,12
93005,Ventura,12
93006,Ventura,12
93007,Ventura,12
93009,Ventura,12
93010,Ventura,12
93011,Ventura,12
93012,Ventura,12
93013,Santa Barbara,12
93013,Ventura,12
93014,Santa Barbara,12
93015,Ventura,12
93016,Ventura,12
93020,Ventura,12
93021,Ventura,12
93022,Ventura,12
93023,Ventura,12
93024,Ventura,12
93030,Ventura,12
93031,Ventura,12
93032,Ventura,12
93033,Ventura,12
93034,Ventura,12
93035,Ventura,12
93036,Ventura,12
93040,Ventura,12
93041,Ventura,12
93042,Ventura,12
93043,Ventura,12
93044,Ventura,12
93060,Ventura,12
93061,Ventura,12
93062,Ventura,12
93063,Ventura,12
93064,Ventura,12
93065,Ventura,12
93066,Ventura,12
93067,Santa Barbara,12
93094,Ventura,12
93099,Ventura,12
93101,Santa Barbara,12
93102,Santa Barbara,12
93103,Santa Barbara,12
93105,Santa Barbara,12
93106,Santa Barbara,12
93107,Santa Barbara,12
93108,Santa Barbara,12
93109,Santa Barbara,12
93110,Santa Barbara,12
93111,Santa Barbara,12
93116,Santa Barbara,12
93117,Santa Barbara,12
93118,Santa Barbara,12
93120,Santa Barbara,12
93121,Santa Barbara,12
93130,Santa Barbara,12
93140,Santa Barbara,12
93150,Santa Barbara,12
93160,Santa Barbara,12
93190,Santa Barbara,12
93199,Santa Barbara,12
93201,Tulare,16
93202,Kings,16
93203,Kern,16
93204,Kings,16
93205,Kern,16
93206,Kern,16
93207,Tulare,16
93208,Tulare,16
93210,Fresno,16
93210,San Benito,16
93212,Kings,16
93212,Tulare,16
93215,Kern,16
93215,Tulare,16
93216,Kern,16
93218,Tulare,16
93219,Tulare,16
93220,Kern,16
93221,Tulare,16
93222,Kern,16
93223,Tulare,16
93224,Kern,16
93225,Kern,16
93226,Kern,16
93227,Tulare,16
93230,Kings,16
93232,Kings,16
93234,Fresno,16
93235,Tulare,16
93237,Tulare,16
93238,Kern,16
93238,Tulare,16
93239,Kings,16
93240,Kern,16
93241,Kern,16
93242,Fresno,16
93242,Kings,16
93243,Kern,16
93243,Los Angeles,16
93244,Tulare,16
93245,Fresno,16
93245,Kings,16
93246,Kings,16
93247,Tulare,16
93249,Kern,16
93250,Kern,16
93251,Kern,16
93252,Kern,16
93252,San Luis Obispo,16
93254,Santa Barbara,16
93255,Kern,16
93256,Tulare,16
93257,Tulare,16
93258,Tulare,16
93260,Tulare,16
93261,Tulare,16
93262,Tulare,16
93263,Kern,16
93265,Tulare,16
93266,Kings,16
93267,Tulare,16
93268,Kern,16
93270,Tulare,16
93271,Tulare,16
93272,Tulare,16
93274,Tulare,16
93275,Tulare,16
93276,Kern,16
93277,Tulare,16
93278,Tulare,16
93279,Tulare,16
93280,Kern,16
93282,Tulare,16
93283,Kern,16
93285,Kern,16
93286,Tulare,16
93287,Kern,16
93290,Tulare,16
93291,Tulare,16
93292,Tulare,16
93301,Kern,14
93302,Kern,14
93303,Kern,14
93304,Kern,14
93305,Kern,14
93306,Kern,14
93307,Kern,14
93308,Kern,14
93309,Kern,14
93311,Kern,14
93312,Kern,14
93313,Kern,14
93314,Kern,14
93380,Kern,14
93383,Kern,14
93384,Kern,14
93385,Kern,14
93386,Kern,14
93387,Kern,14
93388,Kern,14
93389,Kern,14
93390,Kern,14
93401,San Luis Obispo,12
93402,San Luis Obispo,12
93403,San Luis Obispo,12
93405,San Luis Obispo,12
93406,San Luis Obispo,12
93407,San Luis Obispo,12
93408,San Luis Obispo,12
93409,San Luis Obispo,12
93410,San Luis Obispo,12
93412,San Luis Obispo,12
93420,San Luis Obispo,12
93421,San Luis Obispo,12
93422,San Luis Obispo,12
93423,San Luis Obispo,12
93424,San Luis Obispo,12
93426,Monterey,9
93426,San Luis Obispo,12
93427,Santa Barbara,12
93428,San Luis Obispo,12
93429,Santa Barbara,12
93430,San Luis Obispo,12
93432,San Luis Obispo,12
93433,San Luis Obispo,12
93434,Santa Barbara,12
93435,San Luis Obispo,12
93436,Santa Barbara,12
93437,Santa Barbara,12
93438,Santa Barbara,12
93440,Santa Barbara,12
93441,Santa Barbara,12
93442,San Luis Obispo,12
93443,San Luis Obispo,12
93444,San Luis Obispo,12
93445,San Luis Obispo,12
93446,San Luis Obispo,12
93447,San Luis Obispo,12
93448,San Luis Obispo,12
93449,San Luis Obispo,12
93450,Monterey,9
93451,Monterey,9
93451,San Luis Obispo,12
93452,San Luis Obispo,12
93453,San Luis Obispo,12
93454,San Luis Obispo,12
93454,Santa Barbara,12
93455,Santa Barbara,12
93456,Santa Barbara,12
93457,Santa Barbara,12
93458,Santa Barbara,12
93460,Santa Barbara,12
93461,San Luis Obispo,12
93463,Santa Barbara,12
93464,Santa Barbara,12
93465,San Luis Obispo,12
93475,San Luis Obispo,12
93483,San Luis Obispo,12
93501,Kern,15
93502,Kern,15
93504,Kern,15
93505,Kern,15
93510,Los Angeles,15
93512,Mono,15
93513,Inyo,15
93514,Inyo,15
93514,Mono,15
93515,Inyo,15
93516,Kern,15
93516,San Bernardino,17
93517,Mono,15
93518,Kern,15
93519,Kern,15
93522,Inyo,15
93523,Kern,15
93524,Kern,15
93526,Inyo,15
93527,Inyo,15
93527,Kern,15
93528,Kern,15
93529,Mono,15
93530,Inyo,15
93531,Kern,15
93532,Los Angeles,15
93534,Los Angeles,15
93535,Los Angeles,15
93536,Kern,15
93536,Los Angeles,15
93539,Los Angeles,15
93541,Mono,15
93542,Inyo,15
93543,Los Angeles,15
93544,Los Angeles,15
93545,Inyo,15
93546,Mono,15
93549,Inyo,15
93550,Los Angeles,15
93551,Los Angeles,15
93552,Los Angeles,15
93553,Los Angeles,15
93554,Kern,15
93555,Kern,15
93555,San Bernardino,17
93556,Kern,15
93558,Kern,15
93560,Kern,15
93560,Los Angeles,15
93561,Kern,15
93562,San Bernardino,17
93563,Los Angeles,15
93581,Kern,15
93584,Los Angeles,15
93586,Los Angeles,15
93590,Los Angeles,15
93591,Los Angeles,15
93592,San Bernardino,17
93596,Kern,15
93599,Los Angeles,15
93601,Madera,11
93601,Mariposa,10
93602,Fresno,11
93602,Madera,11
93603,Tulare,10
93604,Madera,11
93605,Fresno,11
93606,Fresno,11
93607,Fresno,11
93608,Fresno,11
93609,Fresno,11
93610,Madera,11
93610,Merced,10
93611,Fresno,11
93612,Fresno,11
93613,Fresno,11
93614,Madera,11
93615,Tulare,10
93616,Fresno,11
93618,Fresno,11
93618,Tulare,10
93619,Fresno,11
93620,Fresno,11
93620,Madera,11
93621,Fresno,11
93622,Fresno,11
93622,Madera,11
93623,Madera,11
93623,Mariposa,10
93624,Fresno,11
93625,Fresno,11
93626,Fresno,11
93626,Madera,11
93627,Fresno,11
93628,Fresno,11
93630,Fresno,11
93631,Fresno,11
93631,Kings,11
93633,Tulare,10
93634,Fresno,11
93635,Merced,10
93636,Madera,11
93637,Madera,11
93638,Madera,11
93639,Madera,11
93640,Fresno,11
93641,Fresno,11
93641,Tulare,10
93642,Fresno,11
93643,Madera,11
93644,Madera,11
93645,Madera,11
93646,Fresno,11
93646,Tulare,10
93647,Tulare,10
93648,Fresno,11
93649,Fresno,11
93650,Fresno,11
93651,Fresno,11
93652,Fresno,11
93653,Madera,11
93653,Mariposa,10
93654,Fresno,11
93654,Tulare,10
93656,Fresno,11
93656,Kings,11
93657,Fresno,11
93660,Fresno,11
93661,Merced,10
93662,Fresno,11
93664,Fresno,11
93665,Merced,10
93666,Tulare,10
93667,Fresno,11
93668,Fresno,11
93669,Madera,11
93670,Tulare,10
93673,Tulare,10
93675,Fresno,11
93701,Fresno,11
93702,Fresno,11
93703,Fresno,11
93704,Fresno,11
93705,Fresno,11
93706,Fresno,11
93707,Fresno,11
93708,Fresno,11
93709,Fresno,11
93710,Fresno,11
93711,Fresno,11
93712,Fresno,11
93714,Fresno,11
93715,Fresno,11
93716,Fresno,11
93717,Fresno,11
93718,Fresno,11
93720,Fresno,11
93720,Madera,11
93721,Fresno,11
93722,Fresno,11
93723,Fresno,11
93724,Fresno,11
93725,Fresno,11
93726,Fresno,11
93727,Fresno,11
93728,Fresno,11
93729,Fresno,11
93730,Fresno,11
93737,Fresno,11
93740,Fresno,11
93741,Fresno,11
93744,Fresno,11
93745,Fresno,11
93747,Fresno,11
93750,Fresno,11
93755,Fresno,11
93760,Fresno,11
93761,Fresno,11
93764,Fresno,11
93765,Fresno,11
93771,Fresno,11
93772,Fresno,11
93773,Fresno,11
93774,Fresno,11
93775,Fresno,11
93776,Fresno,11
93777,Fresno,11
93778,Fresno,11
93779,Fresno,11
93786,Fresno,11
93790,Fresno,11
93791,Fresno,11
93792,Fresno,11
93793,Fresno,11
93794,Fresno,11
93844,Fresno,11
93888,Fresno,11
93901,Monterey,9
93902,Monterey,9
93905,Monterey,9
93906,Monterey,9
93907,Monterey,9
93908,Monterey,9
93912,Monterey,9
93915,Monterey,9
93920,Monterey,9
93921,Monterey,9
93922,Monterey,9
93923,Monterey,9
93924,Monterey,9
93925,Monterey,9
93926,Monterey,9
93927,Monterey,9
93928,Monterey,9
93930,Monterey,9
93930,San Benito,9
93932,Monterey,9
93933,Monterey,9
93940,Monterey,9
93942,Monterey,9
93943,Monterey,9
93944,Monterey,9
93950,Monterey,9
93953,Monterey,9
93954,Monterey,9
93955,Monterey,9
93960,Monterey,9
93962,Monterey,9
94002,San Mateo,8
94005,San Mateo,8
94010,San Mateo,8
94011,San Mateo,8
94014,San Mateo,8
94015,San Mateo,8
94016,San Mateo,8
94017,San Mateo,8
94018,San Mateo,8
94019,San Mateo,8
94020,San Mateo,8
94021,San Mateo,8
94022,Santa Clara,7
94023,Santa Clara,7
94024,Santa Clara,7
94025,San Mateo,8
94026,San Mateo,8
94027,San Mateo,8
94028,San Mateo,8
94030,San Mateo,8
94035,Santa Clara,7
94037,San Mateo,8
94038,San Mateo,8
94039,Santa Clara,7
94040,Santa Clara,7
94041,Santa Clara,7
94042,Santa Clara,7
94043,Santa Clara,7
94044,San Mateo,8
94060,San Mateo,8
94061,San Mateo,8
94062,San Mateo,8
94063,San Mateo,8
94064,San Mateo,8
94065,San Mateo,8
94066,San Mateo,8
94070,San Mateo,8
94074,San Mateo,8
94080,San Mateo,8
94083,San Mateo,8
94085,Santa Clara,7
94086,Santa Clara,7
94087,Santa Clara,7
94088,Santa Clara,7
94089,Santa Clara,7
94102,San Francisco,4
94103,San Francisco,4
94104,San Francisco,4
94105,San Francisco,4
94107,San Francisco,4
94108,San Francisco,4
94109,San Francisco,4
94110,San Francisco,4
94111,San Francisco,4
94112,San Francisco,4
94114,San Francisco,4
94115,San Francisco,4
94116,San Francisco,4
94117,San Francisco,4
94118,San Francisco,4
94119,San Francisco,4
94120,San Francisco,4
94121,San Francisco,4
94122,San Francisco,4
94123,San Francisco,4
94124,San Francisco,4
94125,San Francisco,4
94126,San Francisco,4
94127,San Francisco,4
94128,San Francisco,4
94128,San Mateo,8
94129,San Francisco,4
94130,San Francisco,4
94131,San Francisco,4
94132,San Francisco,4
94133,San Francisco,4
94134,San Francisco,4
94137,San Francisco,4
94139,San Francisco,4
94140,San Francisco,4
94141,San Francisco,4
94142,San Francisco,4
94143,San Francisco,4
94144,San Francisco,4
94145,San Francisco,4
94146,San Francisco,4
94147,San Francisco,4
94151,San Francisco,4
94158,San Francisco,4
94159,San Francisco,4
94160,San Francisco,4
94161,San Francisco,4
94163,San Francisco,4
94164,San Francisco,4
94172,San Francisco,4
94177,San Francisco,4
94188,San Francisco,4
94203,Sacramento,3
94204,Sacramento,3
94205,Sacramento,3
94206,Sacramento,3
94207,Sacramento,3
94208,Sacramento,3
94209,Sacramento,3
94211,Sacramento,3
94229,Sacramento,3
94230,Sacramento,3
94232,Sacramento,3
94234,Sacramento,3
94235,Sacramento,3
94236,Sacramento,3
94237,Sacramento,3
94239,Sacramento,3
94240,Sacramento,3
94244,Sacramento,3
94245,Sacramento,3
94247,Sacramento,3
94248,Sacramento,3
94249,Sacramento,3
94250,Sacramento,3
94252,Sacramento,3
94254,Sacramento,3
94256,Sacramento,3
94257,Sacramento,3
94258,Sacramento,3
94259,Sacramento,3
94261,Sacramento,3
94262,Sacramento,3
94263,Sacramento,3
94267,Sacramento,3
94268,Sacramento,3
94269,Sacramento,3
94271,Sacramento,3
94273,Sacramento,3
94274,Sacramento,3
94277,Sacramento,3
94278,Sacramento,3
94279,Sacramento,3
94280,Sacramento,3
94282,Sacramento,3
94283,Sacramento,3
94284,Sacramento,3
94285,Sacramento,3
94287,Sacramento,3
94288,Sacramento,3
94289,Sacramento,3
94290,Sacramento,3
94291,Sacramento,3
94293,Sacramento,3
94294,Sacramento,3
94295,Sacramento,3
94296,Sacramento,3
94297,Sacramento,3
94298,Sacramento,3
94299,Sacramento,3
94301,Santa Clara,7
94302,Santa Clara,7
94303,San Mateo,8
94303,Santa Clara,7
94304,Santa Clara,7
94305,Santa Clara,7
94306,Santa Clara,7
94309,Santa Clara,7
94401,San Mateo,8
94402,San Mateo,8
94403,San Mateo,8
94404,San Mateo,8
94497,San Mateo,8
94501,Alameda,6
94502,Alameda,6
94503,Napa,2
94503,Solano,2
94505,Alameda,6
94505,Contra Costa,5
94506,Contra Costa,5
94507,Contra Costa,5
94508,Napa,2
94509,Contra Costa,5
94510,Solano,2
94511,Contra Costa,5
94512,Solano,2
94513,Contra Costa,5
94514,Alameda,6
94514,Contra Costa,5
94514,San Joaquin,10
94515,Napa,2
94515,Sonoma,2
94516,Contra Costa,5
94517,Contra Costa,5
94518,Contra Costa,5
94519,Contra Costa,5
94520,Contra Costa,5
94521,Contra Costa,5
94522,Contra Costa,5
94523,Contra Costa,5
94524,Contra Costa,5
94525,Contra Costa,5
94526,Contra Costa,5
94527,Contra Costa,5
94528,Contra Costa,5
94529,Contra Costa,5
94530,Contra Costa,5
94531,Contra Costa,5
94533,Solano,2
94534,Solano,2
94535,Solano,2
94536,Alameda,6
94537,Alameda,6
94538,Alameda,6
94539,Alameda,6
94540,Alameda,6
94541,Alameda,6
94542,Alameda,6
94543,Alameda,6
94544,Alameda,6
94545,Alameda,6
94546,Alameda,6
94547,Contra Costa,5
94548,Contra Costa,5
94549,Contra Costa,5
94550,Alameda,6
94550,Santa Clara,7
94551,Alameda,6
94551,Contra Costa,5
94552,Alameda,6
94553,Contra Costa,5
94555,Alameda,6
94556,Contra Costa,5
94557,Alameda,6
94558,Napa,2
94559,Napa,2
94560,Alameda,6
94561,Contra Costa,5
94562,Napa,2
94563,Contra Costa,5
94564,Contra Costa,5
94565,Contra Costa,5
94566,Alameda,6
94567,Napa,2
94568,Alameda,6
94569,Contra Costa,5
94570,Contra Costa,5
94571,Sacramento,3
94571,Solano,2
94572,Contra Costa,5
94573,Napa,2
94574,Napa,2
94575,Contra Costa,5
94576,Napa,2
94577,Alameda,6
94578,Alameda,6
94579,Alameda,6
94580,Alameda,6
94581,Napa,2
94582,Contra Costa,5
94583,Contra Costa,5
94585,Solano,2
94586,Alameda,6
94587,Alameda,6
94588,Alameda,6
94589,Solano,2
94590,Solano,2
94591,Solano,2
94592,Solano,2
94595,Contra Costa,5
94596,Contra Costa,5
94597,Contra Costa,5
94598,Contra Costa,5
94599,Napa,2
94601,Alameda,6
94602,Alameda,6
94603,Alameda,6
94604,Alameda,6
94605,Alameda,6
94606,Alameda,6
94607,Alameda,6
94608,Alameda,6
94609,Alameda,6
94610,Alameda,6
94611,Alameda,6
94612,Alameda,6
94613,Alameda,6
94614,Alameda,6
94615,Alameda,6
94617,Alameda,6
94618,Alameda,6
94619,Alameda,6
94620,Alameda,6
94621,Alameda,6
94622,Alameda,6
94623,Alameda,6
94624,Alameda,6
94649,Alameda,6
94659,Alameda,6
94660,Alameda,6
94661,Alameda,6
94662,Alameda,6
94666,Alameda,6
94701,Alameda,6
94702,Alameda,6
94703,Alameda,6
94704,Alameda,6
94705,Alameda,6
94706,Alameda,6
94706,Contra Costa,5
94707,Alameda,6
94707,Contra Costa,5
94708,Alameda,6
94708,Contra Costa,5
94709,Alameda,6
94710,Alameda,6
94712,Alameda,6
94720,Alameda,6
94801,Contra Costa,5
94802,Contra Costa,5
94803,Contra Costa,5
94804,Contra Costa,5
94805,Contra Costa,5
94806,Contra Costa,5
94807,Contra Costa,5
94808,Contra Costa,5
94820,Contra Costa,5
94850,Contra Costa,5
94901,Marin,2
94903,Marin,2
94904,Marin,2
94912,Marin,2
94913,Marin,2
94914,Marin,2
94915,Marin,2
94920,Marin,2
94922,Sonoma,2
94923,Sonoma,2
94924,Marin,2
94925,Marin,2
94926,Sonoma,2
94927,Sonoma,2
94928,Sonoma,2
94929,Marin,2
94930,Marin,2
94931,Sonoma,2
94933,Marin,2
94937,Marin,2
94938,Marin,2
94939,Marin,2
94940,Marin,2
94941,Marin,2
94942,Marin,2
94945,Marin,2
94946,Marin,2
94947,Marin,2
94948,Marin,2
94949,Marin,2
94950,Marin,2
94951,Sonoma,2
94952,Marin,2
94952,Sonoma,2
94953,Sonoma,2
94954,Sonoma,2
94955,Sonoma,2
94956,Marin,2
94957,Marin,2
94960,Marin,2
94963,Marin,2
94964,Marin,2
94965,Marin,2
94966,Marin,2
94970,Marin,2
94971,Marin,2
94972,Sonoma,2
94973,Marin,2
94974,Marin,2
94975,Sonoma,2
94976,Marin,2
94977,Marin,2
94978,Marin,2
94979,Marin,2
94998,Marin,2
94999,Sonoma,2
95001,Santa Cruz,9
95002,Santa Clara,7
95003,Santa Cruz,9
95004,Monterey,9
95004,San Benito,9
95005,Santa Cruz,9
95006,Santa Cruz,9
95007,Santa Cruz,9
95008,Santa Clara,7
95009,Santa Clara,7
95010,Santa Cruz,9
95011,Santa Clara,7
95012,Monterey,9
95013,Santa Clara,7
95014,Santa Clara,7
95015,Santa Clara,7
95017,Santa Cruz,9
95018,Santa Cruz,9
95019,Santa Cruz,9
95020,Santa Clara,7
95021,Santa Clara,7
95023,San Benito,9
95023,Santa Clara,7
95024,San Benito,9
95026,Santa Clara,7
95030,Santa Clara,7
95031,Santa Clara,7
95032,Santa Clara,7
95033,Santa Clara,7
95033,Santa Cruz,9
95035,Santa Clara,7
95036,Santa Clara,7
95037,Santa Clara,7
95038,Santa Clara,7
95039,Monterey,9
95041,Santa Cruz,9
95042,Santa Clara,7
95043,San Benito,9
95044,Santa Clara,7
95045,San Benito,9
95046,Santa Clara,7
95050,Santa Clara,7
95051,Santa Clara,7
95052,Santa Clara,7
95053,Santa Clara,7
95054,Santa Clara,7
95055,Santa Clara,7
95056,Santa Clara,7
95060,Santa Cruz,9
95061,Santa Cruz,9
95062,Santa Cruz,9
95063,Santa Cruz,9
95064,Santa Cruz,9
95065,Santa Cruz,9
95066,Santa Cruz,9
95067,Santa Cruz,9
95070,Santa Clara,7
95071,Santa Clara,7
95073,Santa Cruz,9
95075,San Benito,9
95076,Monterey,9
95076,Santa Clara,7
95077,Santa Cruz,9
95101,Santa Clara,7
95103,Santa Clara,7
95106,Santa Clara,7
95108,Santa Clara,7
95109,Santa Clara,7
95110,Santa Clara,7
95111,Santa Clara,7
95112,Santa Clara,7
95113,Santa Clara,7
95115,Santa Clara,7
95116,Santa Clara,7
95117,Santa Clara,7
95118,Santa Clara,7
95119,Santa Clara,7
95120,Santa Clara,7
95121,Santa Clara,7
95122,Santa Clara,7
95123,Santa Clara,7
95124,Santa Clara,7
95125,Santa Clara,7
95126,Santa Clara,7
95127,Santa Clara,7
95128,Santa Clara,7
95129,Santa Clara,7
95130,Santa Clara,7
95131,Santa Clara,7
95132,Santa Clara,7
95133,Santa Clara,7
95134,Santa Clara,7
95135,Santa Clara,7
95136,Santa Clara,7
95138,Santa Clara,7
95139,Santa Clara,7
95140,Santa Clara,7
95141,Santa Clara,7
95148,Santa Clara,7
95150,Santa Clara,7
95151,Santa Clara,7
95152,Santa Clara,7
95153,Santa Clara,7
95154,Santa Clara,7
95155,Santa Clara,7
95156,Santa Clara,7
95157,Santa Clara,7
95158,Santa Clara,7
95159,Santa Clara,7
95160,Santa Clara,7
95161,Santa Clara,7
95164,Santa Clara,7
95170,Santa Clara,7
95172,Santa Clara,7
95173,Santa Clara,7
95190,Santa Clara,7
95191,Santa Clara,7
95192,Santa Clara,7
95193,Santa Clara,7
95194,Santa Clara,7
95196,Santa Clara,7
95201,San Joaquin,10
95202,San Joaquin,10
95203,San Joaquin,10
95204,San Joaquin,10
95205,San Joaquin,10
95206,San Joaquin,10
95207,San Joaquin,10
95208,San Joaquin,10
95209,San Joaquin,10
95210,San Joaquin,10
95211,San Joaquin,10
95212,San Joaquin,10
95213,San Joaquin,10
95214,San Joaquin,10
95215,San Joaquin,10
95219,San Joaquin,10
95220,San Joaquin,10
95221,Calaveras,1
95222,Calaveras,1
95223,Calaveras,1
95224,Calaveras,1
95225,Calaveras,1
95226,Calaveras,1
95227,San Joaquin,10
95228,Calaveras,1
95229,Calaveras,1
95230,Calaveras,1
95230,San Joaquin,10
95231,San Joaquin,10
95232,Calaveras,1
95233,Calaveras,1
95234,San Joaquin,10
95236,Calaveras,1
95236,San Joaquin,10
95237,San Joaquin,10
95240,San Joaquin,10
95241,San Joaquin,10
95242,San Joaquin,10
95245,Calaveras,1
95246,Calaveras,1
95247,Calaveras,1
95248,Calaveras,1
95249,Calaveras,1
95251,Calaveras,1
95252,Calaveras,1
95253,San Joaquin,10
95254,Calaveras,1
95255,Calaveras,1
95257,Calaveras,1
95258,San Joaquin,10
95267,San Joaquin,10
95269,San Joaquin,10
95296,San Joaquin,10
95297,San Joaquin,10
95301,Merced,10
95303,Merced,10
95304,San Joaquin,10
95304,Stanislaus,10
95305,Tuolumne,1
95306,Mariposa,10
95307,Stanislaus,10
95309,Tuolumne,1
95310,Tuolumne,1
95311,Mariposa,10
95311,Tuolumne,1
95312,Merced,10
95313,Stanislaus,10
95315,Merced,10
95316,Stanislaus,10
95317,Merced,10
95318,Mariposa,10
95319,Stanislaus,10
95320,San Joaquin,10
95321,Mariposa,10
95321,Tuolumne,1
95322,Merced,10
95322,Stanislaus,10
95323,Stanislaus,10
95324,Merced,10
95325,Mariposa,10
95326,Stanislaus,10
95327,Tuolumne,1
95328,Stanislaus,10
95329,Mariposa,10
95329,Stanislaus,10
95330,San Joaquin,10
95333,Merced,10
95334,Merced,10
95335,Tuolumne,1
95336,San Joaquin,10
95337,San Joaquin,10
95338,Mariposa,10
95340,Merced,10
95341,Merced,10
95343,Merced,10
95344,Merced,10
95345,Mariposa,10
95346,Tuolumne,1
95347,Tuolumne,1
95348,Merced,10
95350,Stanislaus,10
95351,Stanislaus,10
95352,Stanislaus,10
95353,Stanislaus,10
95354,Stanislaus,10
95355,Stanislaus,10
95356,Stanislaus,10
95357,Stanislaus,10
95358,Stanislaus,10
95360,Merced,10
95360,Stanislaus,10
95361,San Joaquin,10
95361,Stanislaus,10
95363,Stanislaus,10
95364,Tuolumne,1
95365,Merced,10
95366,San Joaquin,10
95367,Stanislaus,10
95368,Stanislaus,10
95369,Merced,10
95370,Tuolumne,1
95372,Tuolumne,1
95373,Tuolumne,1
95374,Merced,10
95375,Tuolumne,1
95376,San Joaquin,10
95377,Alameda,6
95377,San Joaquin,10
95378,San Joaquin,10
95379,Tuolumne,1
95380,Merced,10
95380,Stanislaus,10
95381,Stanislaus,10
95382,Stanislaus,10
95383,Tuolumne,1
95385,San Joaquin,10
95385,Stanislaus,10
95386,Stanislaus,10
95387,Stanislaus,10
95388,Merced,10
95389,Mariposa,10
95391,Alameda,6
95391,San Joaquin,10
95397,Stanislaus,10
95401,Sonoma,2
95402,Sonoma,2
95403,Sonoma,2
95404,Sonoma,2
95405,Sonoma,2
95406,Sonoma,2
95407,Sonoma,2
95409,Sonoma,2
95410,Mendocino,1
95412,Sonoma,2
95415,Mendocino,1
95416,Sonoma,2
95417,Mendocino,1
95418,Mendocino,1
95419,Sonoma,2
95420,Mendocino,1
95421,Sonoma,2
95422,Lake,1
95423,Lake,1
95424,Lake,1
95425,Mendocino,1
95425,Sonoma,2
95426,Lake,1
95427,Mendocino,1
95428,Mendocino,1
95429,Mendocino,1
95430,Sonoma,2
95431,Sonoma,2
95432,Mendocino,1
95433,Sonoma,2
95435,Lake,1
95436,Sonoma,2
95437,Mendocino,1
95439,Sonoma,2
95441,Sonoma,2
95442,Sonoma,2
95443,Lake,1
95444,Sonoma,2
95445,Mendocino,1
95446,Sonoma,2
95448,Sonoma,2
95449,Mendocino,1
95450,Sonoma,2
95451,Lake,1
95452,Sonoma,2
95453,Lake,1
95454,Mendocino,1
95456,Mendocino,1
95457,Lake,1
95458,Lake,1
95459,Mendocino,1
95460,Mendocino,1
95461,Lake,1
95462,Sonoma,2
95463,Mendocino,1
95464,Lake,1
95465,Sonoma,2
95466,Mendocino,1
95467,Lake,1
95468,Mendocino,1
95469,Lake,1
95469,Mendocino,1
95470,Mendocino,1
95471,Sonoma,2
95472,Sonoma,2
95473,Sonoma,2
95476,Napa,2
95476,Sonoma,2
95480,Sonoma,2
95481,Mendocino,1
95482,Mendocino,1
95485,Lake,1
95486,Sonoma,2
95487,Sonoma,2
95488,Mendocino,1
95490,Mendocino,1
95492,Sonoma,2
95493,Lake,1
95494,Mendocino,1
95497,Sonoma,2
95501,Humboldt,1
95502,Humboldt,1
95503,Humboldt,1
95511,Humboldt,1
95514,Humboldt,1
95518,Humboldt,1
95519,Humboldt,1
95521,Humboldt,1
95524,Humboldt,1
95525,Humboldt,1
95526,Humboldt,1
95526,Trinity,1
95527,Trinity,1
95528,Humboldt,1
95531,Del Norte,1
95532,Del Norte,1
95534,Humboldt,1
95536,Humboldt,1
95537,Humboldt,1
95538,Del Norte,1
95540,Humboldt,1
95542,Humboldt,1
95543,Del Norte,1
95545,Humboldt,1
95546,Humboldt,1
95547,Humboldt,1
95548,Del Norte,1
95549,Humboldt,1
95550,Humboldt,1
95551,Humboldt,1
95552,Humboldt,1
95552,Trinity,1
95553,Humboldt,1
95554,Humboldt,1
95555,Humboldt,1
95556,Humboldt,1
95558,Humboldt,1
95559,Humboldt,1
95560,Humboldt,1
95562,Humboldt,1
95563,Trinity,1
95564,Humboldt,1
95565,Humboldt,1
95567,Del Norte,1
95568,Siskiyou,1
95569,Humboldt,1
95570,Humboldt,1
95571,Humboldt,1
95573,Humboldt,1
95585,Mendocino,1
95587,Mendocino,1
95589,Humboldt,1
95589,Mendocino,1
95595,Trinity,1
95601,Amador,1
95602,Nevada,1
95602,Placer,3
95603,Placer,3
95604,Placer,3
95605,Yolo,3
95606,Yolo,3
95607,Yolo,3
95608,Sacramento,3
95609,Sacramento,3
95610,Placer,3
95610,Sacramento,3
95611,Sacramento,3
95612,Yolo,3
95613,El Dorado,3
95614,El Dorado,3
95615,Sacramento,3
95615,Yolo,3
95616,Solano,2
95616,Yolo,3
95617,Yolo,3
95618,Solano,2
95618,Yolo,3
95619,El Dorado,3
95620,Solano,2
95621,Sacramento,3
95623,El Dorado,3
95624,Sacramento,3
95625,Solano,2
95626,Placer,3
95626,Sacramento,3
95627,Yolo,3
95628,Sacramento,3
95629,Amador,1
95629,El Dorado,3
95630,Sacramento,3
95631,Placer,3
95632,Sacramento,3
95632,San Joaquin,10
95633,El Dorado,3
95634,El Dorado,3
95635,El Dorado,3
95636,El Dorado,3
95637,Yolo,3
95638,Sacramento,3
95639,Sacramento,3
95640,Amador,1
95641,Sacramento,3
95642,Amador,1
95644,Amador,1
95645,Sutter,1
95645,Yolo,3
95646,Alpine,1
95648,Placer,3
95650,Placer,3
95651,El Dorado,3
95652,Sacramento,3
95653,Yolo,3
95654,Amador,1
95655,Sacramento,3
95656,El Dorado,3
95658,Placer,3
95659,Sutter,1
95660,Sacramento,3
95661,Placer,3
95662,Sacramento,3
95663,Placer,3
95664,El Dorado,3
95665,Amador,1
95666,Amador,1
95667,El Dorado,3
95668,Placer,3
95668,Sutter,1
95669,Amador,1
95670,Sacramento,3
95671,Sacramento,3
95672,El Dorado,3
95673,Sacramento,3
95674,Sutter,1
95675,Amador,1
95676,Sutter,1
95677,Placer,3
95678,Placer,3
95678,Sacramento,3
95679,Yolo,3
95680,Sacramento,3
95681,Placer,3
95682,El Dorado,3
95683,Sacramento,3
95684,El Dorado,3
95685,Amador,1
95686,San Joaquin,10
95687,Solano,2
95688,Solano,2
95689,Amador,1
95690,Sacramento,3
95690,San Joaquin,10
95691,Yolo,3
95692,Sutter,1
95692,Yuba,1
95693,Sacramento,3
95694,Solano,2
95694,Yolo,3
95695,Yolo,3
95696,Solano,2
95697,Yolo,3
95698,Yolo,3
95699,Amador,1
95701,Placer,3
95703,Placer,3
95709,El Dorado,3
95712,Nevada,1
95713,Placer,3
95714,Placer,3
95715,Placer,3
95717,Placer,3
95720,El Dorado,3
95721,El Dorado,3
95722,Placer,3
95724,Nevada,1
95726,El Dorado,3
95728,Nevada,1
95735,El Dorado,3
95736,Placer,3
95741,Sacramento,3
95742,Sacramento,3
95746,Placer,3
95747,Placer,3
95757,Sacramento,3
95758,Sacramento,3
95759,Sacramento,3
95762,El Dorado,3
95763,Sacramento,3
95765,Placer,3
95776,Yolo,3
95798,Yolo,3
95799,Yolo,3
95811,Sacramento,3
95812,Sacramento,3
95813,Sacramento,3
95814,Sacramento,3
95815,Sacramento,3
95816,Sacramento,3
95817,Sacramento,3
95818,Sacramento,3
95819,Sacramento,3
95820,Sacramento,3
95821,Sacramento,3
95822,Sacramento,3
95823,Sacramento,3
95824,Sacramento,3
95825,Sacramento,3
95826,Sacramento,3
95827,Sacramento,3
95828,Sacramento,3
95829,Sacramento,3
95830,Sacramento,3
95831,Sacramento,3
95832,Sacramento,3
95833,Sacramento,3
95834,Sacramento,3
95835,Sacramento,3
95836,Sacramento,3
95836,Sutter,1
95837,Sacramento,3
95837,Sutter,1
95838,Sacramento,3
95840,Sacramento,3
95841,Sacramento,3
95842,Sacramento,3
95843,Sacramento,3
95851,Sacramento,3
95852,Sacramento,3
95853,Sacramento,3
95860,Sacramento,3
95864,Sacramento,3
95865,Sacramento,3
95866,Sacramento,3
95867,Sacramento,3
95894,Sacramento,3
95899,Sacramento,3
95901,Butte,1
95901,Yuba,1
95903,Yuba,1
95910,Sierra,1
95912,Colusa,1
95912,Yolo,3
95913,Glenn,1
95914,Butte,1
95914,Yuba,1
95915,Plumas,1
95916,Butte,1
95917,Butte,1
95918,Yuba,1
95919,Yuba,1
95920,Glenn,1
95922,Sierra,1
95922,Yuba,1
95923,Plumas,1
95924,Nevada,1
95925,Butte,1
95925,Yuba,1
95926,Butte,1
95927,Butte,1
95928,Butte,1
95929,Butte,1
95930,Butte,1
95932,Colusa,1
95934,Plumas,1
95935,Yuba,1
95936,Sierra,1
95937,Yolo,3
95938,Butte,1
95939,Glenn,1
95940,Butte,1
95941,Butte,1
95941,Yuba,1
95942,Butte,1
95943,Glenn,1
95944,Sierra,1
95945,Nevada,1
95946,Nevada,1
95947,Plumas,1
95948,Butte,1
95948,Sutter,1
95949,Nevada,1
95950,Colusa,1
95951,Glenn,1
95953,Sutter,1
95954,Butte,1
95955,Colusa,1
95956,Plumas,1
95957,Colusa,1
95957,Sutter,1
95958,Butte,1
95959,Nevada,1
95960,Nevada,1
95960,Sierra,1
95961,Yuba,1
95962,Yuba,1
95963,Glenn,1
95963,Tehama,1
95965,Butte,1
95966,Butte,1
95966,Yuba,1
95967,Butte,1
95968,Butte,1
95969,Butte,1
95970,Colusa,1
95970,Glenn,1
95971,Plumas,1
95972,Yuba,1
95973,Butte,1
95973,Tehama,1
95974,Butte,1
95975,Nevada,1
95976,Butte,1
95977,Nevada,1
95977,Yuba,1
95978,Butte,1
95979,Colusa,1
95980,Plumas,1
95981,Yuba,1
95982,Sutter,1
95983,Plumas,1
95984,Plumas,1
95986,Nevada,1
95987,Colusa,1
95988,Glenn,1
95991,Sutter,1
95992,Sutter,1
95993,Sutter,1
96001,Shasta,1
96002,Shasta,1
96003,Shasta,1
96006,Lassen,1
96006,Modoc,1
96007,Shasta,1
96008,Shasta,1
96009,Lassen,1
96010,Trinity,1
96011,Shasta,1
96013,Shasta,1
96014,Siskiyou,1
96015,Modoc,1
96016,Shasta,1
96017,Shasta,1
96019,Shasta,1
96020,Plumas,1
96021,Tehama,1
96022,Shasta,1
96022,Tehama,1
96023,Siskiyou,1
96024,Trinity,1
96025,Shasta,1
96025,Siskiyou,1
96027,Siskiyou,1
96028,Shasta,1
96029,Tehama,1
96031,Siskiyou,1
96032,Siskiyou,1
96033,Shasta,1
96034,Siskiyou,1
96035,Tehama,1
96037,Siskiyou,1
96038,Siskiyou,1
96039,Siskiyou,1
96040,Shasta,1
96041,Trinity,1
96044,Siskiyou,1
96046,Trinity,1
96047,Shasta,1
96048,Trinity,1
96049,Shasta,1
96050,Siskiyou,1
96051,Shasta,1
96052,Trinity,1
96054,Modoc,1
96055,Tehama,1
96056,Lassen,1
96056,Modoc,1
96057,Siskiyou,1
96058,Siskiyou,1
96059,Shasta,1
96059,Tehama,1
96061,Tehama,1
96062,Shasta,1
96063,Tehama,1
96064,Siskiyou,1
96065,Shasta,1
96067,Siskiyou,1
96068,Lassen,1
96069,Shasta,1
96070,Shasta,1
96071,Shasta,1
96073,Shasta,1
96074,Tehama,1
96075,Tehama,1
96076,Shasta,1
96076,Tehama,1
96078,Tehama,1
96079,Shasta,1
96080,Tehama,1
96084,Shasta,1
96085,Siskiyou,1
96086,Siskiyou,1
96087,Shasta,1
96088,Shasta,1
96089,Shasta,1
96090,Tehama,1
96091,Siskiyou,1
96091,Trinity,1
96092,Tehama,1
96093,Trinity,1
96094,Siskiyou,1
96095,Shasta,1
96096,Shasta,1
96097,Siskiyou,1
96099,Shasta,1
96101,Modoc,1
96103,Plumas,1
96104,Modoc,1
96105,Plumas,1
96105,Sierra,1
96106,Plumas,1
96107,Mono,13
96108,Modoc,1
96109,Lassen,1
96110,Modoc,1
96111,Nevada,1
96112,Modoc,1
96113,Lassen,1
96114,Lassen,1
96115,Modoc,1
96116,Modoc,1
96117,Lassen,1
96118,Sierra,1
96119,Lassen,1
96120,Alpine,1
96121,Lassen,1
96122,Plumas,1
96123,Lassen,1
96124,Sierra,1
96125,Sierra,1
96126,Sierra,1
96127,Lassen,1
96128,Lassen,1
96129,Plumas,1
96130,Lassen,1
96132,Lassen,1
96133,Mono,13
96134,Klamath,4
96134,Modoc,1
96134,Siskiyou,1
96135,Plumas,1
96136,Lassen,1
96137,Lassen,1
96137,Plumas,1
96140,Placer,3
96141,Placer,3
96142,El Dorado,3
96142,Placer,3
96143,Placer,3
96145,Placer,3
96146,Placer,3
96148,Placer,3
96150,El Dorado,3
96151,El Dorado,3
96152,El Dorado,3
96154,El Dorado,3
96155,El Dorado,3
96156,El Dorado,3
96157,El Dorado,3
96158,El Dorado,3
96160,Nevada,1
96161,Nevada,1
96161,Placer,3
96162,Nevada,1
97635,Lake,4
97635,Modoc,1
